decimal_date,name,value
1958.2027,co2,315.71
1958.2027,smooth,314.44
1958.2877,co2,317.45
1958.2877,smooth,315.16
1958.3699,co2,317.51
1958.3699,smooth,314.69
1958.4548,co2,317.27
1958.4548,smooth,315.15
1958.537,co2,315.87
1958.537,smooth,315.2
1958.6219,co2,314.93
1958.6219,smooth,316.21
1958.7068,co2,313.21
1958.7068,smooth,316.11
1958.789,co2,312.42
1958.789,smooth,315.41
1958.874,co2,313.33
1958.874,smooth,315.21
1958.9562,co2,314.67
1958.9562,smooth,315.43
1959.0411,co2,315.58
1959.0411,smooth,315.52
1959.126,co2,316.49
1959.126,smooth,315.84
1959.2027,co2,316.65
1959.2027,smooth,315.37
1959.2877,co2,317.72
1959.2877,smooth,315.42
1959.3699,co2,318.29
1959.3699,smooth,315.46
1959.4548,co2,318.15
1959.4548,smooth,316.0
1959.537,co2,316.54
1959.537,smooth,315.87
1959.6219,co2,314.8
1959.6219,smooth,316.09
1959.7068,co2,313.84
1959.7068,smooth,316.75
1959.789,co2,313.33
1959.789,smooth,316.34
1959.874,co2,314.81
1959.874,smooth,316.69
1959.9562,co2,315.58
1959.9562,smooth,316.35
1960.041,co2,316.43
1960.041,smooth,316.38
1960.1257,co2,316.98
1960.1257,smooth,316.33
1960.2049,co2,317.58
1960.2049,smooth,316.27
1960.2896,co2,319.03
1960.2896,smooth,316.7
1960.3716,co2,320.03
1960.3716,smooth,317.19
1960.4563,co2,319.58
1960.4563,smooth,317.45
1960.5383,co2,318.18
1960.5383,smooth,317.54
1960.623,co2,315.9
1960.623,smooth,317.22
1960.7077,co2,314.17
1960.7077,smooth,317.1
1960.7896,co2,313.83
1960.7896,smooth,316.85
1960.8743,co2,315.0
1960.8743,smooth,316.89
1960.9563,co2,316.19
1960.9563,smooth,316.96
1961.0411,co2,316.89
1961.0411,smooth,316.84
1961.126,co2,317.7
1961.126,smooth,317.05
1961.2027,co2,318.54
1961.2027,smooth,317.25
1961.2877,co2,319.48
1961.2877,smooth,317.16
1961.3699,co2,320.58
1961.3699,smooth,317.73
1961.4548,co2,319.77
1961.4548,smooth,317.61
1961.537,co2,318.56
1961.537,smooth,317.89
1961.6219,co2,316.79
1961.6219,smooth,318.09
1961.7068,co2,314.99
1961.7068,smooth,317.92
1961.789,co2,315.31
1961.789,smooth,318.34
1961.874,co2,316.1
1961.874,smooth,318.0
1961.9562,co2,317.01
1961.9562,smooth,317.78
1962.0411,co2,317.94
1962.0411,smooth,317.89
1962.126,co2,318.55
1962.126,smooth,317.89
1962.2027,co2,319.68
1962.2027,smooth,318.39
1962.2877,co2,320.57
1962.2877,smooth,318.24
1962.3699,co2,321.02
1962.3699,smooth,318.16
1962.4548,co2,320.62
1962.4548,smooth,318.45
1962.537,co2,319.61
1962.537,smooth,318.94
1962.6219,co2,317.4
1962.6219,smooth,318.71
1962.7068,co2,316.24
1962.7068,smooth,319.18
1962.789,co2,315.42
1962.789,smooth,318.46
1962.874,co2,316.69
1962.874,smooth,318.59
1962.9562,co2,317.7
1962.9562,smooth,318.47
1963.0411,co2,318.74
1963.0411,smooth,318.69
1963.126,co2,319.07
1963.126,smooth,318.41
1963.2027,co2,319.86
1963.2027,smooth,318.57
1963.2877,co2,321.38
1963.2877,smooth,319.05
1963.3699,co2,322.24
1963.3699,smooth,319.38
1963.4548,co2,321.49
1963.4548,smooth,319.31
1963.537,co2,319.74
1963.537,smooth,319.07
1963.6219,co2,317.77
1963.6219,smooth,319.07
1963.7068,co2,316.21
1963.7068,smooth,319.16
1963.789,co2,315.99
1963.789,smooth,319.03
1963.874,co2,317.07
1963.874,smooth,318.98
1963.9562,co2,318.35
1963.9562,smooth,319.13
1964.041,co2,319.57
1964.041,smooth,319.52
1964.1257,co2,320.04
1964.1257,smooth,319.37
1964.2049,co2,320.75
1964.2049,smooth,319.41
1964.2896,co2,321.84
1964.2896,smooth,319.46
1964.3716,co2,322.25
1964.3716,smooth,319.37
1964.4563,co2,321.89
1964.4563,smooth,319.73
1964.5383,co2,320.44
1964.5383,smooth,319.79
1964.623,co2,318.69
1964.623,smooth,320.03
1964.7077,co2,316.71
1964.7077,smooth,319.67
1964.7896,co2,316.87
1964.7896,smooth,319.93
1964.8743,co2,317.68
1964.8743,smooth,319.59
1964.9563,co2,318.71
1964.9563,smooth,319.49
1965.0411,co2,319.44
1965.0411,smooth,319.38
1965.126,co2,320.44
1965.126,smooth,319.79
1965.2027,co2,320.89
1965.2027,smooth,319.59
1965.2877,co2,322.14
1965.2877,smooth,319.79
1965.3699,co2,322.17
1965.3699,smooth,319.28
1965.4548,co2,321.87
1965.4548,smooth,319.68
1965.537,co2,321.21
1965.537,smooth,320.53
1965.6219,co2,318.87
1965.6219,smooth,320.18
1965.7068,co2,317.82
1965.7068,smooth,320.78
1965.789,co2,317.3
1965.789,smooth,320.37
1965.874,co2,318.87
1965.874,smooth,320.79
1965.9562,co2,319.42
1965.9562,smooth,320.2
1966.0411,co2,320.62
1966.0411,smooth,320.57
1966.126,co2,321.6
1966.126,smooth,320.94
1966.2027,co2,322.39
1966.2027,smooth,321.08
1966.2877,co2,323.7
1966.2877,smooth,321.34
1966.3699,co2,324.08
1966.3699,smooth,321.18
1966.4548,co2,323.75
1966.4548,smooth,321.55
1966.537,co2,322.37
1966.537,smooth,321.69
1966.6219,co2,320.36
1966.6219,smooth,321.68
1966.7068,co2,318.64
1966.7068,smooth,321.61
1966.789,co2,318.1
1966.789,smooth,321.18
1966.874,co2,319.78
1966.874,smooth,321.71
1966.9562,co2,321.02
1966.9562,smooth,321.81
1967.0411,co2,322.33
1967.0411,smooth,322.28
1967.126,co2,322.5
1967.126,smooth,321.83
1967.2027,co2,323.03
1967.2027,smooth,321.72
1967.2877,co2,324.41
1967.2877,smooth,322.05
1967.3699,co2,325.0
1967.3699,smooth,322.09
1967.4548,co2,324.09
1967.4548,smooth,321.89
1967.537,co2,322.54
1967.537,smooth,321.86
1967.6219,co2,320.92
1967.6219,smooth,322.24
1967.7068,co2,319.25
1967.7068,smooth,322.24
1967.789,co2,319.39
1967.789,smooth,322.48
1967.874,co2,320.73
1967.874,smooth,322.66
1967.9562,co2,321.96
1967.9562,smooth,322.74
1968.041,co2,322.57
1968.041,smooth,322.51
1968.1257,co2,323.15
1968.1257,smooth,322.48
1968.2049,co2,323.89
1968.2049,smooth,322.55
1968.2896,co2,325.02
1968.2896,smooth,322.63
1968.3716,co2,325.57
1968.3716,smooth,322.66
1968.4563,co2,325.36
1968.4563,smooth,323.17
1968.5383,co2,324.14
1968.5383,smooth,323.48
1968.623,co2,322.11
1968.623,smooth,323.46
1968.7077,co2,320.33
1968.7077,smooth,323.33
1968.7896,co2,320.25
1968.7896,smooth,323.34
1968.8743,co2,321.32
1968.8743,smooth,323.26
1968.9563,co2,322.89
1968.9563,smooth,323.68
1969.0411,co2,324.0
1969.0411,smooth,323.95
1969.126,co2,324.41
1969.126,smooth,323.75
1969.2027,co2,325.63
1969.2027,smooth,324.31
1969.2877,co2,326.66
1969.2877,smooth,324.28
1969.3699,co2,327.38
1969.3699,smooth,324.46
1969.4548,co2,326.71
1969.4548,smooth,324.49
1969.537,co2,325.88
1969.537,smooth,325.19
1969.6219,co2,323.66
1969.6219,smooth,324.99
1969.7068,co2,322.38
1969.7068,smooth,325.38
1969.789,co2,321.78
1969.789,smooth,324.89
1969.874,co2,322.85
1969.874,smooth,324.8
1969.9562,co2,324.11
1969.9562,smooth,324.91
1970.0411,co2,325.06
1970.0411,smooth,325.01
1970.126,co2,325.99
1970.126,smooth,325.31
1970.2027,co2,326.93
1970.2027,smooth,325.61
1970.2877,co2,328.13
1970.2877,smooth,325.75
1970.3699,co2,328.08
1970.3699,smooth,325.15
1970.4548,co2,327.67
1970.4548,smooth,325.44
1970.537,co2,326.34
1970.537,smooth,325.65
1970.6219,co2,324.68
1970.6219,smooth,326.02
1970.7068,co2,323.1
1970.7068,smooth,326.11
1970.789,co2,323.06
1970.789,smooth,326.18
1970.874,co2,324.01
1970.874,smooth,325.96
1970.9562,co2,325.13
1970.9562,smooth,325.93
1971.0411,co2,326.17
1971.0411,smooth,326.12
1971.126,co2,326.69
1971.126,smooth,326.01
1971.2027,co2,327.18
1971.2027,smooth,325.85
1971.2877,co2,327.78
1971.2877,smooth,325.39
1971.3699,co2,328.93
1971.3699,smooth,325.99
1971.4548,co2,328.57
1971.4548,smooth,326.34
1971.537,co2,327.36
1971.537,smooth,326.67
1971.6219,co2,325.43
1971.6219,smooth,326.77
1971.7068,co2,323.36
1971.7068,smooth,326.38
1971.789,co2,323.56
1971.789,smooth,326.69
1971.874,co2,324.8
1971.874,smooth,326.75
1971.9562,co2,326.01
1971.9562,smooth,326.81
1972.041,co2,326.77
1972.041,smooth,326.71
1972.1257,co2,327.63
1972.1257,smooth,326.96
1972.2049,co2,327.75
1972.2049,smooth,326.39
1972.2896,co2,329.72
1972.2896,smooth,327.3
1972.3716,co2,330.07
1972.3716,smooth,327.12
1972.4563,co2,329.09
1972.4563,smooth,326.87
1972.5383,co2,328.04
1972.5383,smooth,327.38
1972.623,co2,326.32
1972.623,smooth,327.69
1972.7077,co2,324.84
1972.7077,smooth,327.88
1972.7896,co2,325.2
1972.7896,smooth,328.33
1972.8743,co2,326.5
1972.8743,smooth,328.46
1972.9563,co2,327.55
1972.9563,smooth,328.35
1973.0411,co2,328.55
1973.0411,smooth,328.49
1973.126,co2,329.57
1973.126,smooth,328.89
1973.2027,co2,330.3
1973.2027,smooth,328.97
1973.2877,co2,331.5
1973.2877,smooth,329.1
1973.3699,co2,332.48
1973.3699,smooth,329.52
1973.4548,co2,332.07
1973.4548,smooth,329.83
1973.537,co2,330.87
1973.537,smooth,330.18
1973.6219,co2,329.31
1973.6219,smooth,330.66
1973.7068,co2,327.52
1973.7068,smooth,330.56
1973.789,co2,327.19
1973.789,smooth,330.33
1973.874,co2,328.17
1973.874,smooth,330.13
1973.9562,co2,328.65
1973.9562,smooth,329.45
1974.0411,co2,329.36
1974.0411,smooth,329.3
1974.126,co2,330.71
1974.126,smooth,330.03
1974.2027,co2,331.49
1974.2027,smooth,330.15
1974.2877,co2,332.65
1974.2877,smooth,330.24
1974.375,co2,333.19
1974.375,smooth,330.22
1974.4583,co2,332.2
1974.4583,smooth,329.79
1974.5417,co2,331.07
1974.5417,smooth,330.21
1974.625,co2,329.15
1974.625,smooth,330.54
1974.7083,co2,327.33
1974.7083,smooth,330.44
1974.7917,co2,327.28
1974.7917,smooth,330.53
1974.875,co2,328.31
1974.875,smooth,330.5
1974.9583,co2,329.58
1974.9583,smooth,330.55
1975.0417,co2,330.73
1975.0417,smooth,330.84
1975.125,co2,331.46
1975.125,smooth,330.85
1975.2083,co2,331.94
1975.2083,smooth,330.37
1975.2917,co2,333.11
1975.2917,smooth,330.53
1975.375,co2,333.95
1975.375,smooth,330.98
1975.4583,co2,333.42
1975.4583,smooth,331.01
1975.5417,co2,331.97
1975.5417,smooth,331.12
1975.625,co2,329.95
1975.625,smooth,331.33
1975.7083,co2,328.49
1975.7083,smooth,331.6
1975.7917,co2,328.36
1975.7917,smooth,331.61
1975.875,co2,329.38
1975.875,smooth,331.57
1975.9583,co2,330.76
1975.9583,smooth,331.73
1976.0417,co2,331.56
1976.0417,smooth,331.67
1976.125,co2,332.74
1976.125,smooth,332.14
1976.2083,co2,333.36
1976.2083,smooth,331.79
1976.2917,co2,334.74
1976.2917,smooth,332.16
1976.375,co2,334.72
1976.375,smooth,331.75
1976.4583,co2,333.97
1976.4583,smooth,331.56
1976.5417,co2,333.08
1976.5417,smooth,332.23
1976.625,co2,330.68
1976.625,smooth,332.07
1976.7083,co2,328.96
1976.7083,smooth,332.07
1976.7917,co2,328.72
1976.7917,smooth,331.98
1976.875,co2,330.16
1976.875,smooth,332.35
1976.9583,co2,331.62
1976.9583,smooth,332.59
1977.0417,co2,332.68
1977.0417,smooth,332.77
1977.125,co2,333.17
1977.125,smooth,332.58
1977.2083,co2,334.96
1977.2083,smooth,333.4
1977.2917,co2,336.14
1977.2917,smooth,333.54
1977.375,co2,336.93
1977.375,smooth,334.0
1977.4583,co2,336.17
1977.4583,smooth,333.79
1977.5417,co2,334.89
1977.5417,smooth,334.01
1977.625,co2,332.56
1977.625,smooth,333.91
1977.7083,co2,331.29
1977.7083,smooth,334.36
1977.7917,co2,331.28
1977.7917,smooth,334.51
1977.875,co2,332.46
1977.875,smooth,334.68
1977.9583,co2,333.6
1977.9583,smooth,334.58
1978.0417,co2,334.94
1978.0417,smooth,335.01
1978.125,co2,335.26
1978.125,smooth,334.6
1978.2083,co2,336.66
1978.2083,smooth,335.0
1978.2917,co2,337.69
1978.2917,smooth,335.07
1978.375,co2,338.02
1978.375,smooth,335.08
1978.4583,co2,338.01
1978.4583,smooth,335.6
1978.5417,co2,336.5
1978.5417,smooth,335.65
1978.625,co2,334.42
1978.625,smooth,335.87
1978.7083,co2,332.36
1978.7083,smooth,335.51
1978.7917,co2,332.45
1978.7917,smooth,335.72
1978.875,co2,333.76
1978.875,smooth,335.99
1978.9583,co2,334.91
1978.9583,smooth,335.87
1979.0417,co2,336.14
1979.0417,smooth,336.22
1979.125,co2,336.69
1979.125,smooth,336.0
1979.2083,co2,338.27
1979.2083,smooth,336.56
1979.2917,co2,338.82
1979.2917,smooth,336.11
1979.375,co2,339.24
1979.375,smooth,336.24
1979.4583,co2,339.26
1979.4583,smooth,336.83
1979.5417,co2,337.54
1979.5417,smooth,336.69
1979.625,co2,335.72
1979.625,smooth,337.2
1979.7083,co2,333.97
1979.7083,smooth,337.19
1979.7917,co2,334.24
1979.7917,smooth,337.57
1979.875,co2,335.32
1979.875,smooth,337.59
1979.9583,co2,336.81
1979.9583,smooth,337.83
1980.0417,co2,337.9
1980.0417,smooth,338.13
1980.125,co2,338.34
1980.125,smooth,337.85
1980.2083,co2,340.07
1980.2083,smooth,338.51
1980.2917,co2,340.93
1980.2917,smooth,338.31
1980.375,co2,341.45
1980.375,smooth,338.4
1980.4583,co2,341.36
1980.4583,smooth,338.85
1980.5417,co2,339.45
1980.5417,smooth,338.56
1980.625,co2,337.67
1980.625,smooth,339.07
1980.7083,co2,336.25
1980.7083,smooth,339.38
1980.7917,co2,336.14
1980.7917,smooth,339.4
1980.875,co2,337.3
1980.875,smooth,339.46
1980.9583,co2,338.29
1980.9583,smooth,339.26
1981.0417,co2,339.29
1981.0417,smooth,339.42
1981.125,co2,340.55
1981.125,smooth,339.98
1981.2083,co2,341.63
1981.2083,smooth,340.08
1981.2917,co2,342.6
1981.2917,smooth,339.98
1981.375,co2,343.04
1981.375,smooth,339.97
1981.4583,co2,342.54
1981.4583,smooth,340.06
1981.5417,co2,340.82
1981.5417,smooth,339.92
1981.625,co2,338.48
1981.625,smooth,339.87
1981.7083,co2,336.95
1981.7083,smooth,340.17
1981.7917,co2,337.05
1981.7917,smooth,340.39
1981.875,co2,338.57
1981.875,smooth,340.75
1981.9583,co2,339.91
1981.9583,smooth,340.85
1982.0417,co2,340.93
1982.0417,smooth,341.09
1982.125,co2,341.76
1982.125,smooth,341.16
1982.2083,co2,342.78
1982.2083,smooth,341.18
1982.2917,co2,343.96
1982.2917,smooth,341.32
1982.375,co2,344.77
1982.375,smooth,341.67
1982.4583,co2,343.88
1982.4583,smooth,341.43
1982.5417,co2,342.42
1982.5417,smooth,341.61
1982.625,co2,340.24
1982.625,smooth,341.64
1982.7083,co2,338.37
1982.7083,smooth,341.56
1982.7917,co2,338.41
1982.7917,smooth,341.77
1982.875,co2,339.44
1982.875,smooth,341.59
1982.9583,co2,340.78
1982.9583,smooth,341.71
1983.0417,co2,341.57
1983.0417,smooth,341.75
1983.125,co2,342.78
1983.125,smooth,342.25
1983.2083,co2,343.37
1983.2083,smooth,341.85
1983.2917,co2,345.4
1983.2917,smooth,342.76
1983.375,co2,346.14
1983.375,smooth,342.97
1983.4583,co2,345.76
1983.4583,smooth,343.3
1983.5417,co2,344.32
1983.5417,smooth,343.56
1983.625,co2,342.51
1983.625,smooth,343.89
1983.7083,co2,340.46
1983.7083,smooth,343.59
1983.7917,co2,340.53
1983.7917,smooth,343.86
1983.875,co2,341.79
1983.875,smooth,343.92
1983.9583,co2,343.2
1983.9583,smooth,344.12
1984.0417,co2,344.21
1984.0417,smooth,344.32
1984.125,co2,344.92
1984.125,smooth,344.39
1984.2083,co2,345.68
1984.2083,smooth,344.26
1984.2917,co2,347.38
1984.2917,smooth,344.75
1984.375,co2,347.78
1984.375,smooth,344.59
1984.4583,co2,347.16
1984.4583,smooth,344.73
1984.5417,co2,345.79
1984.5417,smooth,345.02
1984.625,co2,343.74
1984.625,smooth,345.12
1984.7083,co2,341.59
1984.7083,smooth,344.76
1984.7917,co2,341.86
1984.7917,smooth,345.19
1984.875,co2,343.31
1984.875,smooth,345.41
1984.9583,co2,345.0
1984.9583,smooth,345.88
1985.0417,co2,345.48
1985.0417,smooth,345.59
1985.125,co2,346.41
1985.125,smooth,345.92
1985.2083,co2,347.91
1985.2083,smooth,346.56
1985.2917,co2,348.66
1985.2917,smooth,346.08
1985.375,co2,349.28
1985.375,smooth,346.12
1985.4583,co2,348.65
1985.4583,smooth,346.23
1985.5417,co2,346.9
1985.5417,smooth,346.08
1985.625,co2,345.26
1985.625,smooth,346.57
1985.7083,co2,343.47
1985.7083,smooth,346.59
1985.7917,co2,343.35
1985.7917,smooth,346.6
1985.875,co2,344.73
1985.875,smooth,346.82
1985.9583,co2,346.12
1985.9583,smooth,347.04
1986.0417,co2,346.78
1986.0417,smooth,346.82
1986.125,co2,347.48
1986.125,smooth,346.98
1986.2083,co2,348.25
1986.2083,smooth,346.93
1986.2917,co2,349.86
1986.2917,smooth,347.29
1986.375,co2,350.52
1986.375,smooth,347.42
1986.4583,co2,349.98
1986.4583,smooth,347.61
1986.5417,co2,348.25
1986.5417,smooth,347.43
1986.625,co2,346.17
1986.625,smooth,347.51
1986.7083,co2,345.48
1986.7083,smooth,348.61
1986.7917,co2,344.82
1986.7917,smooth,348.04
1986.875,co2,346.22
1986.875,smooth,348.28
1986.9583,co2,347.48
1986.9583,smooth,348.36
1987.0417,co2,348.73
1987.0417,smooth,348.66
1987.125,co2,348.92
1987.125,smooth,348.24
1987.2083,co2,349.81
1987.2083,smooth,348.39
1987.2917,co2,351.4
1987.2917,smooth,348.84
1987.375,co2,352.15
1987.375,smooth,349.09
1987.4583,co2,351.58
1987.4583,smooth,349.29
1987.5417,co2,350.21
1987.5417,smooth,349.51
1987.625,co2,348.2
1987.625,smooth,349.65
1987.7083,co2,346.66
1987.7083,smooth,349.85
1987.7917,co2,346.72
1987.7917,smooth,349.96
1987.875,co2,348.08
1987.875,smooth,350.15
1987.9583,co2,349.28
1987.9583,smooth,350.14
1988.0417,co2,350.51
1988.0417,smooth,350.49
1988.125,co2,351.7
1988.125,smooth,350.99
1988.2083,co2,352.5
1988.2083,smooth,350.99
1988.2917,co2,353.67
1988.2917,smooth,351.03
1988.375,co2,354.35
1988.375,smooth,351.22
1988.4583,co2,353.88
1988.4583,smooth,351.55
1988.5417,co2,352.8
1988.5417,smooth,352.16
1988.625,co2,350.49
1988.625,smooth,352.01
1988.7083,co2,348.97
1988.7083,smooth,352.18
1988.7917,co2,349.37
1988.7917,smooth,352.62
1988.875,co2,350.42
1988.875,smooth,352.53
1988.9583,co2,351.62
1988.9583,smooth,352.52
1989.0417,co2,353.07
1989.0417,smooth,352.99
1989.125,co2,353.43
1989.125,smooth,352.69
1989.2083,co2,354.08
1989.2083,smooth,352.6
1989.2917,co2,355.72
1989.2917,smooth,353.07
1989.375,co2,355.95
1989.375,smooth,352.78
1989.4583,co2,355.44
1989.4583,smooth,353.06
1989.5417,co2,354.05
1989.5417,smooth,353.38
1989.625,co2,351.84
1989.625,smooth,353.43
1989.7083,co2,350.09
1989.7083,smooth,353.37
1989.7917,co2,350.33
1989.7917,smooth,353.57
1989.875,co2,351.55
1989.875,smooth,353.68
1989.9583,co2,352.91
1989.9583,smooth,353.84
1990.0417,co2,353.86
1990.0417,smooth,353.78
1990.125,co2,355.1
1990.125,smooth,354.37
1990.2083,co2,355.75
1990.2083,smooth,354.27
1990.2917,co2,356.38
1990.2917,smooth,353.76
1990.375,co2,357.38
1990.375,smooth,354.23
1990.4583,co2,356.39
1990.4583,smooth,354.02
1990.5417,co2,354.89
1990.5417,smooth,354.24
1990.625,co2,353.06
1990.625,smooth,354.68
1990.7083,co2,351.38
1990.7083,smooth,354.69
1990.7917,co2,351.69
1990.7917,smooth,354.94
1990.875,co2,353.14
1990.875,smooth,355.18
1990.9583,co2,354.41
1990.9583,smooth,355.26
1991.0417,co2,354.93
1991.0417,smooth,354.9
1991.125,co2,355.82
1991.125,smooth,355.11
1991.2083,co2,357.33
1991.2083,smooth,355.79
1991.2917,co2,358.77
1991.2917,smooth,356.13
1991.375,co2,359.23
1991.375,smooth,356.1
1991.4583,co2,358.23
1991.4583,smooth,355.88
1991.5417,co2,356.3
1991.5417,smooth,355.69
1991.625,co2,353.97
1991.625,smooth,355.6
1991.7083,co2,352.34
1991.7083,smooth,355.66
1991.7917,co2,352.43
1991.7917,smooth,355.69
1991.875,co2,353.89
1991.875,smooth,355.87
1991.9583,co2,355.21
1991.9583,smooth,356.02
1992.0417,co2,356.34
1992.0417,smooth,356.29
1992.125,co2,357.21
1992.125,smooth,356.47
1992.2083,co2,357.97
1992.2083,smooth,356.38
1992.2917,co2,359.22
1992.2917,smooth,356.51
1992.375,co2,359.71
1992.375,smooth,356.52
1992.4583,co2,359.44
1992.4583,smooth,357.07
1992.5417,co2,357.15
1992.5417,smooth,356.58
1992.625,co2,354.99
1992.625,smooth,356.67
1992.7083,co2,353.01
1992.7083,smooth,356.36
1992.7917,co2,353.41
1992.7917,smooth,356.72
1992.875,co2,354.42
1992.875,smooth,356.48
1992.9583,co2,355.68
1992.9583,smooth,356.5
1993.0417,co2,357.1
1993.0417,smooth,357.06
1993.125,co2,357.42
1993.125,smooth,356.54
1993.2083,co2,358.59
1993.2083,smooth,356.88
1993.2917,co2,359.39
1993.2917,smooth,356.71
1993.375,co2,360.3
1993.375,smooth,357.14
1993.4583,co2,359.64
1993.4583,smooth,357.24
1993.5417,co2,357.45
1993.5417,smooth,356.87
1993.625,co2,355.76
1993.625,smooth,357.44
1993.7083,co2,354.14
1993.7083,smooth,357.51
1993.7917,co2,354.23
1993.7917,smooth,357.61
1993.875,co2,355.53
1993.875,smooth,357.65
1993.9583,co2,357.03
1993.9583,smooth,357.92
1994.0417,co2,358.36
1994.0417,smooth,358.25
1994.125,co2,359.04
1994.125,smooth,358.21
1994.2083,co2,360.11
1994.2083,smooth,358.41
1994.2917,co2,361.36
1994.2917,smooth,358.59
1994.375,co2,361.78
1994.375,smooth,358.59
1994.4583,co2,360.94
1994.4583,smooth,358.57
1994.5417,co2,359.51
1994.5417,smooth,358.91
1994.625,co2,357.59
1994.625,smooth,359.29
1994.7083,co2,355.86
1994.7083,smooth,359.31
1994.7917,co2,356.21
1994.7917,smooth,359.63
1994.875,co2,357.65
1994.875,smooth,359.8
1994.9583,co2,359.1
1994.9583,smooth,359.96
1995.0417,co2,360.04
1995.0417,smooth,359.91
1995.125,co2,361.0
1995.125,smooth,360.18
1995.2083,co2,361.98
1995.2083,smooth,360.37
1995.2917,co2,363.44
1995.2917,smooth,360.76
1995.375,co2,363.83
1995.375,smooth,360.73
1995.4583,co2,363.33
1995.4583,smooth,360.98
1995.5417,co2,361.78
1995.5417,smooth,361.11
1995.625,co2,359.33
1995.625,smooth,360.93
1995.7083,co2,358.32
1995.7083,smooth,361.7
1995.7917,co2,358.14
1995.7917,smooth,361.52
1995.875,co2,359.61
1995.875,smooth,361.75
1995.9583,co2,360.82
1995.9583,smooth,361.67
1996.0417,co2,362.2
1996.0417,smooth,361.98
1996.125,co2,363.36
1996.125,smooth,362.47
1996.2083,co2,364.28
1996.2083,smooth,362.64
1996.2917,co2,364.69
1996.2917,smooth,361.99
1996.375,co2,365.25
1996.375,smooth,362.23
1996.4583,co2,365.06
1996.4583,smooth,362.82
1996.5417,co2,363.69
1996.5417,smooth,362.98
1996.625,co2,361.55
1996.625,smooth,363.13
1996.7083,co2,359.69
1996.7083,smooth,363.14
1996.7917,co2,359.72
1996.7917,smooth,363.12
1996.875,co2,361.04
1996.875,smooth,363.18
1996.9583,co2,362.39
1996.9583,smooth,363.23
1997.0417,co2,363.24
1997.0417,smooth,363.03
1997.125,co2,364.21
1997.125,smooth,363.4
1997.2083,co2,364.65
1997.2083,smooth,363.02
1997.2917,co2,366.49
1997.2917,smooth,363.82
1997.375,co2,366.77
1997.375,smooth,363.87
1997.4583,co2,365.73
1997.4583,smooth,363.56
1997.5417,co2,364.46
1997.5417,smooth,363.74
1997.625,co2,362.4
1997.625,smooth,363.98
1997.7083,co2,360.44
1997.7083,smooth,363.83
1997.7917,co2,360.97
1997.7917,smooth,364.28
1997.875,co2,362.65
1997.875,smooth,364.71
1997.9583,co2,364.51
1997.9583,smooth,365.28
1998.0417,co2,365.39
1998.0417,smooth,365.19
1998.125,co2,366.1
1998.125,smooth,365.29
1998.2083,co2,367.36
1998.2083,smooth,365.73
1998.2917,co2,368.79
1998.2917,smooth,366.17
1998.375,co2,369.56
1998.375,smooth,366.68
1998.4583,co2,369.13
1998.4583,smooth,366.95
1998.5417,co2,367.98
1998.5417,smooth,367.29
1998.625,co2,366.1
1998.625,smooth,367.69
1998.7083,co2,364.16
1998.7083,smooth,367.51
1998.7917,co2,364.54
1998.7917,smooth,367.82
1998.875,co2,365.67
1998.875,smooth,367.7
1998.9583,co2,367.3
1998.9583,smooth,368.05
1999.0417,co2,368.35
1999.0417,smooth,368.13
1999.125,co2,369.28
1999.125,smooth,368.46
1999.2083,co2,369.84
1999.2083,smooth,368.24
1999.2917,co2,371.15
1999.2917,smooth,368.62
1999.375,co2,371.12
1999.375,smooth,368.31
1999.4583,co2,370.46
1999.4583,smooth,368.29
1999.5417,co2,369.61
1999.5417,smooth,368.93
1999.625,co2,367.06
1999.625,smooth,368.63
1999.7083,co2,364.95
1999.7083,smooth,368.28
1999.7917,co2,365.52
1999.7917,smooth,368.8
1999.875,co2,366.88
1999.875,smooth,368.86
1999.9583,co2,368.26
1999.9583,smooth,368.93
2000.0417,co2,369.45
2000.0417,smooth,369.24
2000.125,co2,369.71
2000.125,smooth,368.99
2000.2083,co2,370.75
2000.2083,smooth,369.24
2000.2917,co2,371.98
2000.2917,smooth,369.44
2000.375,co2,371.75
2000.375,smooth,368.87
2000.4583,co2,371.87
2000.4583,smooth,369.66
2000.5417,co2,370.02
2000.5417,smooth,369.36
2000.625,co2,368.27
2000.625,smooth,369.87
2000.7083,co2,367.15
2000.7083,smooth,370.46
2000.7917,co2,367.18
2000.7917,smooth,370.42
2000.875,co2,368.53
2000.875,smooth,370.48
2000.9583,co2,369.83
2000.9583,smooth,370.46
2001.0417,co2,370.76
2001.0417,smooth,370.6
2001.125,co2,371.69
2001.125,smooth,370.95
2001.2083,co2,372.63
2001.2083,smooth,371.06
2001.2917,co2,373.55
2001.2917,smooth,370.99
2001.375,co2,374.03
2001.375,smooth,371.11
2001.4583,co2,373.4
2001.4583,smooth,371.17
2001.5417,co2,371.68
2001.5417,smooth,371.08
2001.625,co2,369.78
2001.625,smooth,371.39
2001.7083,co2,368.34
2001.7083,smooth,371.61
2001.7917,co2,368.61
2001.7917,smooth,371.85
2001.875,co2,369.94
2001.875,smooth,371.92
2001.9583,co2,371.42
2001.9583,smooth,372.09
2002.0417,co2,372.7
2002.0417,smooth,372.48
2002.125,co2,373.37
2002.125,smooth,372.49
2002.2083,co2,374.3
2002.2083,smooth,372.61
2002.2917,co2,375.19
2002.2917,smooth,372.54
2002.375,co2,375.93
2002.375,smooth,372.98
2002.4583,co2,375.69
2002.4583,smooth,373.46
2002.5417,co2,374.16
2002.5417,smooth,373.58
2002.625,co2,372.03
2002.625,smooth,373.7
2002.7083,co2,370.92
2002.7083,smooth,374.29
2002.7917,co2,370.73
2002.7917,smooth,374.06
2002.875,co2,372.43
2002.875,smooth,374.52
2002.9583,co2,373.98
2002.9583,smooth,374.72
2003.0417,co2,375.07
2003.0417,smooth,374.82
2003.125,co2,375.82
2003.125,smooth,374.95
2003.2083,co2,376.64
2003.2083,smooth,374.99
2003.2917,co2,377.92
2003.2917,smooth,375.24
2003.375,co2,378.78
2003.375,smooth,375.73
2003.4583,co2,378.46
2003.4583,smooth,376.21
2003.5417,co2,376.88
2003.5417,smooth,376.37
2003.625,co2,374.57
2003.625,smooth,376.27
2003.7083,co2,373.34
2003.7083,smooth,376.65
2003.7917,co2,373.31
2003.7917,smooth,376.65
2003.875,co2,374.84
2003.875,smooth,376.99
2003.9583,co2,376.17
2003.9583,smooth,376.93
2004.0417,co2,377.17
2004.0417,smooth,376.96
2004.125,co2,378.05
2004.125,smooth,377.19
2004.2083,co2,379.06
2004.2083,smooth,377.4
2004.2917,co2,380.54
2004.2917,smooth,377.8
2004.375,co2,380.8
2004.375,smooth,377.66
2004.4583,co2,379.87
2004.4583,smooth,377.57
2004.5417,co2,377.65
2004.5417,smooth,377.12
2004.625,co2,376.17
2004.625,smooth,377.9
2004.7083,co2,374.43
2004.7083,smooth,377.8
2004.7917,co2,374.63
2004.7917,smooth,377.99
2004.875,co2,376.33
2004.875,smooth,378.49
2004.9583,co2,377.68
2004.9583,smooth,378.48
2005.0417,co2,378.63
2005.0417,smooth,378.37
2005.125,co2,379.91
2005.125,smooth,379.1
2005.2083,co2,380.95
2005.2083,smooth,379.45
2005.2917,co2,382.48
2005.2917,smooth,379.84
2005.375,co2,382.64
2005.375,smooth,379.49
2005.4583,co2,382.4
2005.4583,smooth,380.07
2005.5417,co2,380.93
2005.5417,smooth,380.38
2005.625,co2,378.93
2005.625,smooth,380.61
2005.7083,co2,376.89
2005.7083,smooth,380.2
2005.7917,co2,377.19
2005.7917,smooth,380.5
2005.875,co2,378.54
2005.875,smooth,380.69
2005.9583,co2,380.31
2005.9583,smooth,381.09
2006.0417,co2,381.58
2006.0417,smooth,381.33
2006.125,co2,382.4
2006.125,smooth,381.58
2006.2083,co2,382.86
2006.2083,smooth,381.32
2006.2917,co2,384.8
2006.2917,smooth,382.11
2006.375,co2,385.22
2006.375,smooth,382.06
2006.4583,co2,384.24
2006.4583,smooth,381.93
2006.5417,co2,382.65
2006.5417,smooth,382.1
2006.625,co2,380.6
2006.625,smooth,382.27
2006.7083,co2,379.04
2006.7083,smooth,382.35
2006.7917,co2,379.33
2006.7917,smooth,382.66
2006.875,co2,380.35
2006.875,smooth,382.52
2006.9583,co2,382.02
2006.9583,smooth,382.84
2007.0417,co2,383.1
2007.0417,smooth,382.88
2007.125,co2,384.12
2007.125,smooth,383.22
2007.2083,co2,384.81
2007.2083,smooth,383.17
2007.2917,co2,386.73
2007.2917,smooth,383.95
2007.375,co2,386.78
2007.375,smooth,383.56
2007.4583,co2,386.33
2007.4583,smooth,384.06
2007.5417,co2,384.73
2007.5417,smooth,384.25
2007.625,co2,382.24
2007.625,smooth,383.95
2007.7083,co2,381.2
2007.7083,smooth,384.56
2007.7917,co2,381.37
2007.7917,smooth,384.72
2007.875,co2,382.7
2007.875,smooth,384.9
2007.9583,co2,384.19
2007.9583,smooth,385.07
2008.0417,co2,385.78
2008.0417,smooth,385.54
2008.125,co2,386.06
2008.125,smooth,385.2
2008.2083,co2,386.28
2008.2083,smooth,384.72
2008.2917,co2,387.33
2008.2917,smooth,384.71
2008.375,co2,388.78
2008.375,smooth,385.69
2008.4583,co2,387.99
2008.4583,smooth,385.68
2008.5417,co2,386.62
2008.5417,smooth,386.05
2008.625,co2,384.32
2008.625,smooth,385.98
2008.7083,co2,383.41
2008.7083,smooth,386.69
2008.7917,co2,383.22
2008.7917,smooth,386.49
2008.875,co2,384.41
2008.875,smooth,386.59
2008.9583,co2,385.79
2008.9583,smooth,386.64
2009.0417,co2,387.17
2009.0417,smooth,386.86
2009.125,co2,387.7
2009.125,smooth,386.81
2009.2083,co2,389.04
2009.2083,smooth,387.54
2009.2917,co2,389.76
2009.2917,smooth,387.15
2009.375,co2,390.36
2009.375,smooth,387.24
2009.4583,co2,389.7
2009.4583,smooth,387.46
2009.5417,co2,388.24
2009.5417,smooth,387.77
2009.625,co2,386.29
2009.625,smooth,387.99
2009.7083,co2,384.95
2009.7083,smooth,388.22
2009.7917,co2,384.64
2009.7917,smooth,387.88
2009.875,co2,386.23
2009.875,smooth,388.36
2009.9583,co2,387.63
2009.9583,smooth,388.43
2010.0417,co2,388.91
2010.0417,smooth,388.62
2010.125,co2,390.41
2010.125,smooth,389.47
2010.2083,co2,391.37
2010.2083,smooth,389.85
2010.2917,co2,392.67
2010.2917,smooth,390.12
2010.375,co2,393.21
2010.375,smooth,390.09
2010.4583,co2,392.38
2010.4583,smooth,390.1
2010.5417,co2,390.41
2010.5417,smooth,389.93
2010.625,co2,388.54
2010.625,smooth,390.21
2010.7083,co2,387.03
2010.7083,smooth,390.32
2010.7917,co2,387.43
2010.7917,smooth,390.72
2010.875,co2,388.87
2010.875,smooth,390.99
2010.9583,co2,389.99
2010.9583,smooth,390.8
2011.0417,co2,391.5
2011.0417,smooth,391.19
2011.125,co2,392.05
2011.125,smooth,391.12
2011.2083,co2,392.8
2011.2083,smooth,391.27
2011.2917,co2,393.44
2011.2917,smooth,390.83
2011.375,co2,394.41
2011.375,smooth,391.24
2011.4583,co2,393.95
2011.4583,smooth,391.64
2011.5417,co2,392.72
2011.5417,smooth,392.24
2011.625,co2,390.33
2011.625,smooth,392.04
2011.7083,co2,389.28
2011.7083,smooth,392.6
2011.7917,co2,389.19
2011.7917,smooth,392.53
2011.875,co2,390.48
2011.875,smooth,392.64
2011.9583,co2,392.06
2011.9583,smooth,392.86
2012.0417,co2,393.31
2012.0417,smooth,393.07
2012.125,co2,394.04
2012.125,smooth,393.2
2012.2083,co2,394.59
2012.2083,smooth,392.99
2012.2917,co2,396.38
2012.2917,smooth,393.65
2012.375,co2,396.93
2012.375,smooth,393.73
2012.4583,co2,395.91
2012.4583,smooth,393.63
2012.5417,co2,394.56
2012.5417,smooth,394.12
2012.625,co2,392.59
2012.625,smooth,394.37
2012.7083,co2,391.32
2012.7083,smooth,394.75
2012.7917,co2,391.27
2012.7917,smooth,394.64
2012.875,co2,393.2
2012.875,smooth,395.25
2012.9583,co2,394.57
2012.9583,smooth,395.27
2013.0417,co2,395.78
2013.0417,smooth,395.62
2013.125,co2,397.03
2013.125,smooth,396.23
2013.2083,co2,397.66
2013.2083,smooth,396.07
2013.2917,co2,398.64
2013.2917,smooth,395.79
2013.375,co2,400.02
2013.375,smooth,396.64
2013.4583,co2,398.81
2013.4583,smooth,396.48
2013.5417,co2,397.51
2013.5417,smooth,397.13
2013.625,co2,395.39
2013.625,smooth,397.27
2013.7083,co2,393.72
2013.7083,smooth,397.24
2013.7917,co2,393.9
2013.7917,smooth,397.25
2013.875,co2,395.36
2013.875,smooth,397.35
2013.9583,co2,397.03
2013.9583,smooth,397.78
2014.0417,co2,398.04
2014.0417,smooth,397.74
2014.125,co2,398.27
2014.125,smooth,397.45
2014.2083,co2,399.91
2014.2083,smooth,398.37
2014.2917,co2,401.51
2014.2917,smooth,398.63
2014.375,co2,401.96
2014.375,smooth,398.56
2014.4583,co2,401.43
2014.4583,smooth,399.1
2014.5417,co2,399.27
2014.5417,smooth,398.85
2014.625,co2,397.18
2014.625,smooth,399.07
2014.7083,co2,395.54
2014.7083,smooth,399.11
2014.7917,co2,396.16
2014.7917,smooth,399.58
2014.875,co2,397.4
2014.875,smooth,399.49
2014.9583,co2,399.08
2014.9583,smooth,399.81
2015.0417,co2,400.18
2015.0417,smooth,399.92
2015.125,co2,400.55
2015.125,smooth,399.77
2015.2083,co2,401.74
2015.2083,smooth,400.22
2015.2917,co2,403.35
2015.2917,smooth,400.46
2015.375,co2,404.15
2015.375,smooth,400.7
2015.4583,co2,402.97
2015.4583,smooth,400.65
2015.5417,co2,401.46
2015.5417,smooth,401.11
2015.625,co2,399.11
2015.625,smooth,401.04
2015.7083,co2,397.82
2015.7083,smooth,401.43
2015.7917,co2,398.49
2015.7917,smooth,401.89
2015.875,co2,400.27
2015.875,smooth,402.24
2015.9583,co2,402.06
2015.9583,smooth,402.72
2016.0417,co2,402.73
2016.0417,smooth,402.45
2016.125,co2,404.25
2016.125,smooth,403.4
2016.2083,co2,405.06
2016.2083,smooth,403.54
2016.2917,co2,407.6
2016.2917,smooth,404.77
2016.375,co2,407.9
2016.375,smooth,404.41
2016.4583,co2,406.99
2016.4583,smooth,404.59
2016.5417,co2,404.59
2016.5417,smooth,404.24
2016.625,co2,402.45
2016.625,smooth,404.41
2016.7083,co2,401.23
2016.7083,smooth,404.85
2016.7917,co2,401.79
2016.7917,smooth,405.23
2016.875,co2,403.72
2016.875,smooth,405.74
2016.9583,co2,404.64
2016.9583,smooth,405.33
2017.0417,co2,406.36
2017.0417,smooth,406.04
2017.125,co2,406.66
2017.125,smooth,405.8
2017.2083,co2,407.54
2017.2083,smooth,406.05
2017.2917,co2,409.22
2017.2917,smooth,406.37
2017.375,co2,409.89
2017.375,smooth,406.37
2017.4583,co2,409.08
2017.4583,smooth,406.68
2017.5417,co2,407.33
2017.5417,smooth,407.01
2017.625,co2,405.32
2017.625,smooth,407.31
2017.7083,co2,403.57
2017.7083,smooth,407.17
2017.7917,co2,403.82
2017.7917,smooth,407.23
2017.875,co2,405.31
2017.875,smooth,407.36
2017.9583,co2,407.0
2017.9583,smooth,407.71
2018.0417,co2,408.15
2018.0417,smooth,407.83
2018.125,co2,408.52
2018.125,smooth,407.61
2018.2083,co2,409.59
2018.2083,smooth,408.06
2018.2917,co2,410.45
2018.2917,smooth,407.65
2018.375,co2,411.44
2018.375,smooth,407.98
2018.4583,co2,410.99
2018.4583,smooth,408.6
2018.5417,co2,408.9
2018.5417,smooth,408.6
2018.625,co2,407.16
2018.625,smooth,409.17
2018.7083,co2,405.71
2018.7083,smooth,409.3
2018.7917,co2,406.19
2018.7917,smooth,409.56
2018.875,co2,408.21
2018.875,smooth,410.24
2018.9583,co2,409.27
2018.9583,smooth,409.99
2019.0417,co2,411.03
2019.0417,smooth,410.69
2019.125,co2,411.96
2019.125,smooth,410.97
2019.2083,co2,412.18
2019.2083,smooth,410.71
2019.2917,co2,413.54
2019.2917,smooth,410.92
2019.375,co2,414.86
2019.375,smooth,411.47
2019.4583,co2,414.15
2019.4583,smooth,411.74
2019.5417,co2,411.96
2019.5417,smooth,411.64
2019.625,co2,410.17
2019.625,smooth,412.1
2019.7083,co2,408.76
2019.7083,smooth,412.26
2019.7917,co2,408.74
2019.7917,smooth,412.09
2019.875,co2,410.47
2019.875,smooth,412.5
2019.9583,co2,411.97
2019.9583,smooth,412.71
2020.0417,co2,413.59
2020.0417,smooth,413.22
2020.125,co2,414.32
2020.125,smooth,413.4
2020.2083,co2,414.72
2020.2083,smooth,413.35
2020.2917,co2,416.42
2020.2917,smooth,413.92
2020.375,co2,417.28
2020.375,smooth,413.98
2020.4583,co2,416.58
2020.4583,smooth,414.15
2020.5417,co2,414.58
2020.5417,smooth,414.19
2020.625,co2,412.76
2020.625,smooth,414.6
2020.7083,co2,411.5
2020.7083,smooth,414.9
2020.7917,co2,411.49
2020.7917,smooth,414.79
2020.875,co2,413.1
2020.875,smooth,415.11
2020.9583,co2,414.23
2020.9583,smooth,414.91
2021.0417,co2,415.49
2021.0417,smooth,415.18
2021.125,co2,416.72
2021.125,smooth,415.76
2021.2083,co2,417.61
2021.2083,smooth,416.14
2021.2917,co2,419.01
2021.2917,smooth,416.48
2021.375,co2,419.09
2021.375,smooth,415.8
2021.4583,co2,418.93
2021.4583,smooth,416.46
2021.5417,co2,416.9
2021.5417,smooth,416.45
2021.625,co2,414.42
2021.625,smooth,416.32
2021.7083,co2,413.26
2021.7083,smooth,416.76
2021.7917,co2,413.9
2021.7917,smooth,417.22
2021.875,co2,414.97
2021.875,smooth,416.99
2021.9583,co2,416.67
2021.9583,smooth,417.41
2022.0417,co2,418.13
2022.0417,smooth,417.81
2022.125,co2,419.24
2022.125,smooth,418.28
2022.2083,co2,418.76
2022.2083,smooth,417.29
2022.2917,co2,420.19
2022.2917,smooth,417.65
2022.375,co2,420.97
2022.375,smooth,417.68
2022.4583,co2,420.94
2022.4583,smooth,418.47
2022.5417,co2,418.85
2022.5417,smooth,418.41
2022.625,co2,417.15
2022.625,smooth,419.05
2022.7083,co2,415.91
2022.7083,smooth,419.41
2022.7917,co2,415.74
2022.7917,smooth,419.06
2022.875,co2,417.47
2022.875,smooth,419.49
2022.9583,co2,418.99
2022.9583,smooth,419.74
2023.0417,co2,419.47
2023.0417,smooth,419.16
2023.125,co2,420.31
2023.125,smooth,419.35
2023.2083,co2,420.99
2023.2083,smooth,419.52
2023.2917,co2,423.31
2023.2917,smooth,420.77
2023.375,co2,424.0
2023.375,smooth,420.72
2023.4583,co2,423.68
2023.4583,smooth,421.21
2023.5417,co2,421.83
2023.5417,smooth,421.38
2023.625,co2,419.68
2023.625,smooth,421.59
2023.7083,co2,418.5
2023.7083,smooth,422.0
2023.7917,co2,418.82
2023.7917,smooth,422.14
2023.875,co2,420.46
2023.875,smooth,422.48
2023.9583,co2,421.86
2023.9583,smooth,422.6
2024.0417,co2,422.8
2024.0417,smooth,422.49
2024.125,co2,424.55
2024.125,smooth,423.6
2024.2083,co2,425.38
2024.2083,smooth,423.92
2024.2917,co2,426.57
2024.2917,smooth,424.03
2024.375,co2,426.9
2024.375,smooth,423.61
2024.4583,co2,426.91
2024.4583,smooth,424.44
2024.5417,co2,425.55
2024.5417,smooth,425.1
